merchant,description,amount,date
Cafe Coffee Day,Cafe Coffee Day,402.38,2026-07-21
Steam,Steam,1119.74,2026-07-20
IndianOil Petrol,IndianOil Petrol ORDER-56938,742.44,2026-07-18
Cafe Coffee Day,Cafe Coffee Day PAYMENT 7847,805.71,2026-08-03
Whole Foods,Whole Foods INV-82338,3059.6,2026-07-24
Reliance Fresh,Reliance Fresh PAYMENT 6599,1581.13,2026-08-04
More Supermarket,More Supermarket TXN-38059,1676.31,2026-08-13
Ola,Ola REF#73534,390.58,2026-08-04
Swiggy,Swiggy,592.89,2026-08-04
DMart,DMart,1644.17,2026-08-08
Zomato,Zomato *56145,1800.0,2026-08-07
Rapido,Rapido,468.82,2026-08-15
Playstation Store,Playstation Store TXN-10828,837.65,2026-08-08
Uber,Uber REF#95709,331.26,2026-08-14
BSNL Broadband,BSNL Broadband ORDER-67200,1164.07,2026-07-19
Playstation Store,Playstation Store,1006.4,2026-07-21
Amazon,Amazon *75207,1060.97,2026-08-10
Playstation Store,Playstation Store INV-45998,1445.64,2026-07-27
Electricity Board,Electricity Board ORDER-12367,685.1,2026-07-31
Metro Card,Metro Card ORDER-8052,201.26,2026-08-07
Local Restaurant,Local Restaurant,876.45,2026-08-04
Zomato,Zomato REF#3057,177.93,2026-08-07
McDonalds,McDonalds,1800.0,2026-08-05
BookMyShow,BookMyShow,435.17,2026-07-21
YouTube Premium,YouTube Premium ORDER-21905,506.9,2026-08-01
Ola,Ola TXN-56529,227.83,2026-08-14
Cafe Coffee Day,Cafe Coffee Day REF#89585,988.98,2026-07-30
Hostel Rent,Hostel Rent,8000.0,2026-07-21
Myntra,Myntra,945.63,2026-07-17
Dominos,Dominos,466.88,2026-07-21
Metro Card,Metro Card TXN-90604,522.48,2026-08-16
MakeMyTrip,MakeMyTrip,18731.89,2026-08-06
Amazon Prime,Amazon Prime,415.47,2026-08-10
Rapido,Rapido PAYMENT 83237,457.89,2026-07-20
Local Restaurant,Local Restaurant,542.35,2026-07-23
Jio Recharge,Jio Recharge,1343.4,2026-07-20
Reliance Fresh,Reliance Fresh,1299.98,2026-07-28
Dominos,Dominos,379.86,2026-07-29
McDonalds,McDonalds,542.61,2026-07-28
Rapido,Rapido,254.51,2026-07-31
Whole Foods,Whole Foods,1259.68,2026-08-09
Practo,Practo,1138.89,2026-07-22
PG Rent,PG Rent TXN-90548,8206.85,2026-07-28
BigBasket,BigBasket REF#84368,1386.91,2026-08-02
Nykaa,Nykaa *48164,2891.78,2026-07-25
Dominos,Dominos *71084,659.75,2026-07-24
Swiggy,Swiggy *99494,1602.24,2026-07-24
PVR Cinemas,PVR Cinemas PAYMENT 97076,698.4,2026-08-12
McDonalds,McDonalds,309.07,2026-08-01
BigBasket,BigBasket,1402.87,2026-07-25
Electricity Board,Electricity Board PAYMENT 94881,760.05,2026-07-28
Hostel Rent,Hostel Rent,8000.0,2026-07-28
Rapido,Rapido TXN-63362,202.32,2026-07-27
Amazon Prime,Amazon Prime ORDER-62945,233.42,2026-08-12
Local Restaurant,Local Restaurant,1123.41,2026-08-06
Cafe Coffee Day,Cafe Coffee Day TXN-62756,476.48,2026-08-08
Rapido,Rapido REF#11470,113.11,2026-08-06
Local Bookstore,Local Bookstore PAYMENT 52710,606.05,2026-07-29
Whole Foods,Whole Foods,1118.05,2026-07-22
BSNL Broadband,BSNL Broadband INV-19259,1499.86,2026-07-31
Water Utility,Water Utility,2390.51,2026-08-01
Metro Card,Metro Card ORDER-95306,476.93,2026-07-17
Ola,Ola TXN-56960,94.88,2026-08-15
Zomato,Zomato,681.3,2026-08-13
Cafe Coffee Day,Cafe Coffee Day,642.39,2026-07-24
Uber,Uber,289.89,2026-07-21
Uber,Uber *55232,353.64,2026-08-04
Netflix,Netflix *20001,658.62,2026-07-21
More Supermarket,More Supermarket,1167.55,2026-07-31
Steam,Steam TXN-62161,325.98,2026-07-22
More Supermarket,More Supermarket REF#89534,2729.62,2026-07-18
Ola,Ola,406.46,2026-08-11
Local Restaurant,Local Restaurant ORDER-66647,612.15,2026-07-18
DMart,DMart,1303.04,2026-08-14
Classmate,Classmate *26236,1406.96,2026-08-05
Uber,Uber PAYMENT 66652,779.55,2026-08-03
H&M,H&M REF#73436,2635.72,2026-08-14
Local Restaurant,Local Restaurant,288.18,2026-07-31
IndianOil Petrol,IndianOil Petrol INV-31641,405.63,2026-07-19
Swiggy,Swiggy ORDER-20343,654.06,2026-07-26
BSNL Broadband,BSNL Broadband TXN-33275,2313.56,2026-07-28
WH Smith,WH Smith,1186.21,2026-07-24
Rapido,Rapido TXN-21263,288.74,2026-08-07
Flipkart Stationery,Flipkart Stationery,657.48,2026-07-29
Zomato,Zomato,305.35,2026-08-09
Metro Card,Metro Card,147.08,2026-08-08
Gas Cylinder,Gas Cylinder ORDER-14891,1347.63,2026-08-02
Playstation Store,Playstation Store,556.66,2026-08-14
Reliance Fresh,Reliance Fresh TXN-35547,2767.11,2026-08-10
Steam,Steam INV-33996,264.38,2026-08-13
Uber,Uber *64929,400.36,2026-08-02
Reliance Fresh,Reliance Fresh INV-24131,1386.87,2026-07-18
Whole Foods,Whole Foods,2021.79,2026-08-16
Swiggy,Swiggy,354.82,2026-08-05
DMart,DMart REF#72591,980.06,2026-07-17
Amazon Prime,Amazon Prime TXN-5763,478.71,2026-08-05
Local Restaurant,Local Restaurant,1059.58,2026-07-20
Dominos,Dominos INV-40077,1800.0,2026-07-26
Dominos,Dominos,628.03,2026-07-31
Cafe Coffee Day,Cafe Coffee Day,674.97,2026-07-17
H&M,H&M TXN-67501,2686.31,2026-08-03
IRCTC,IRCTC INV-85310,5542.01,2026-07-20
IndianOil Petrol,IndianOil Petrol,406.41,2026-08-12
Dominos,Dominos REF#26134,271.6,2026-07-24
Amazon,Amazon TXN-53144,2059.69,2026-08-06
Amazon Stationery,Amazon Stationery,1365.81,2026-08-12
H&M,H&M,3304.7,2026-07-25
Flipkart,Flipkart *87989,6629.77,2026-07-29
BSNL Broadband,BSNL Broadband REF#6029,1484.38,2026-08-08
Zomato,Zomato,458.52,2026-07-31
Zomato,Zomato,1800.0,2026-08-03
Netflix,Netflix,453.88,2026-07-23
McDonalds,McDonalds REF#65998,173.04,2026-08-01
Local Restaurant,Local Restaurant,227.91,2026-08-10
Whole Foods,Whole Foods,1365.13,2026-07-29
McDonalds,McDonalds TXN-11173,694.93,2026-08-06
Metro Card,Metro Card TXN-86285,150.72,2026-08-10
Playstation Store,Playstation Store PAYMENT 42847,905.0,2026-08-05
Ola,Ola INV-81195,159.54,2026-07-26
Whole Foods,Whole Foods INV-67337,1281.24,2026-08-12
BigBasket,BigBasket ORDER-9999,9500.0,2026-08-13
Amazon,Amazon ORDER-8888,48000.0,2026-08-15
Swiggy,Swiggy ORDER-7777,6200.0,2026-08-16
